{
  "backends": {
    "sparkles": {
      "cases_scored": 19,
      "errored_cases": [],
      "noise_rate": 0.0,
      "overall_catch": 0.1206896551724138,
      "per_class_catch": {
        "correctness": 0.06666666666666667,
        "security-scope": 0.2,
        "silent-failure": 0.07692307692307693,
        "simplification": 0.0,
        "test-gap": 0.1111111111111111,
        "type-design": 0.0,
        "upstream-semantics": 0.3333333333333333
      },
      "truncated_cases": [
        "githumps/grug#366",
        "githumps/grug#494"
      ]
    }
  },
  "prompt_sha": "aaaa883dcfe7be671983da73b1e0d40ee5ca9ec04b775f9a11e8e22eefe19819"
}
