{
  "backends": {
    "sparkles": {
      "cases_scored": 22,
      "errored_cases": [],
      "noise_rate": 0.0,
      "overall_catch": 0.18309859154929578,
      "per_class_catch": {
        "correctness": 0.125,
        "security-scope": 0.36363636363636365,
        "silent-failure": 0.06666666666666667,
        "simplification": 0.0,
        "test-gap": 0.25,
        "type-design": 0.0,
        "upstream-semantics": 0.42857142857142855
      },
      "truncated_cases": [
        "githumps/grug#366",
        "githumps/grug#494"
      ]
    }
  },
  "prompt_sha": "05d158700d8629eddb40ba5b299ba0c7522efeb42ef60e16e98f759c3699653b"
}
