{
  "backends": {
    "sparkles": {
      "cases_scored": 21,
      "errored_cases": [],
      "noise_rate": 0.0,
      "overall_catch": 0.11940298507462686,
      "per_class_catch": {
        "correctness": 0.125,
        "security-scope": 0.0,
        "silent-failure": 0.14285714285714285,
        "simplification": 0.0,
        "test-gap": 0.09090909090909091,
        "type-design": 0.0,
        "upstream-semantics": 0.42857142857142855
      },
      "truncated_cases": [
        "githumps/grug#366",
        "githumps/grug#494"
      ]
    }
  },
  "prompt_sha": "3b295fbae3767c904ecb09a8eea9422e3a216d65e52f0407a3b9893cd4780851"
}
